Districts,Town
Bin Qasim Town,Abdullah Goth
Bin Qasim Town,Cattle Colony
Bin Qasim Town,Gaghar
Bin Qasim Town,Green Park City
Bin Qasim Town,Gulshan-e-Hadeed
Bin Qasim Town,Ibrahim Hyderi
Bin Qasim Town,Landhi Colony
Bin Qasim Town,Mujahid Colony
Bin Qasim Town,Quaidabad
Bin Qasim Town,Razzaqabad
Bin Qasim Town,Rehri Goth
Bin Qasim Town,Shah Latif Town
Bin Qasim Town,Sherpao Colony
Bin Qasim Town,Steel Town
Bin Qasim Town,Shah Bhitaie Town
Gulshan Town,Sindh Baloch Cooperative Housing Society
Gulshan Town,Delhi Mercantile Society
Gulshan Town,Essa Nagri
Gulshan Town,Gulshan-e-Iqbal I
Gulshan Town,Gulshan-e-Iqbal II
Gulshan Town,Gulzar-e-Hijri
Gulshan Town,Gulistan-e-Johar
Gulshan Town,Abbas Town
Gulshan Town,Kokan Cooperative Housing Society
Gulshan Town,Jamali Colony
Gulshan Town,Metroville Colony
Gulshan Town,Pehlwan Goth
Gulshan Town,P.I.B. Colony
Gulshan Town,Safoora Goth
Gulshan Town,Shanti Nagar
Gulshan Town,Sachal Goth
Gulshan Town,KESC Society
Jamshed Town,Abyssinia Lines
Jamshed Town,Akhtar Colony
Jamshed Town,Azam Basti
Jamshed Town,Baloch Colony
Jamshed Town,Baltistani Society
Jamshed Town,Catholic Colony No. 1
Jamshed Town,Central Jacob Lines
Jamshed Town,Chanesar Goth
Jamshed Town,Cincinnatus Town
Jamshed Town,Defence View
Jamshed Town,DMCHS (Delhi Mercantile Cooperative Housing Society)
Jamshed Town,Firozabad
Jamshed Town,Garden East
Jamshed Town,Garden West
Jamshed Town,Gulistan-e-Zafar
Jamshed Town,Jamshed Quarters
Jamshed Town,Jut Line
Jamshed Town,Mahmudabad
Jamshed Town,Manzoor Colony
Jamshed Town,Nursery
Jamshed Town,Pakistan Quarters
Jamshed Town,Patel Para
Jamshed Town,P.E.C.H.S. (Pakistan Employees Co-operative Housing Society)
Jamshed Town,P.E.C.H.S. II (Pakistan Employees Co-operative Housing Society)
Jamshed Town,Sindh Muslim Cooperative Housing Society
Jamshed Town,Sohrab Katrak Parsi Colony
Jamshed Town,Soldier Bazaar
Kemari Town,Abdul Rehman Goth
Kemari Town,Arbian
Kemari Town,Baba Bhit
Kemari Town,Bhutta Village
Kemari Town,Darvesh Goth
Kemari Town,Gabo Pat
Kemari Town,Goth Faqir Mohammad
Kemari Town,Goth Ghulam Mohammad
Kemari Town,Goth Haji Behram
Kemari Town,Goth Haji Jumma Khan
Kemari Town,Goth Haji Salar
Kemari Town,Goth Lashkari
Kemari Town,Goth Mauladad
Kemari Town,Goth Mohammad Ali
Kemari Town,Goth Shaikhan
Kemari Town,Gulshan-e-Sikandarabad
Kemari Town,Haji Ali Goth
Kemari Town,Jackson Bazar
Kemari Town,Jamali Goth
Kemari Town,Kakapir
Kemari Town,Kiamari
Kemari Town,KPT Officers Society
Kemari Town,Machar Colony
Kemari Town,Maripur
Kemari Town,Masroor Colony
Kemari Town,Mubarak Goth
Kemari Town,Rais Goth
Kemari Town,Rehman Goth
Kemari Town,Salehabad
Kemari Town,Shams Pir
Kemari Town,Sher Shah
Kemari Town,Somar Goth
Kemari Town,Sultanabad
Korangi Town,Bilal Colony
Korangi Town,Chakra Goth
Korangi Town,Gulzar Colony
Korangi Town,Hasrat Mohani Colony
Korangi Town,Hundred Quarters
Korangi Town,Allahwala Town
Korangi Town,Gulshan-e-Mehran
Korangi Town,Korangi Sector 33
Korangi Town,Mustafa Taj Colony
Korangi Town,Nasir Colony
Korangi Town,Zaman Town
Korangi Town,Bhittai Colony
Korangi Town,Qayyumabad
Landhi Town,Awami Colony
Landhi Town,Bhutto Nagar
Landhi Town,Sher Pao Colony
Landhi Town,Dawood Chowrangi
Landhi Town,Khawaja Ajmeer Colony
Landhi Town,Burmee Colony
Landhi Town,Korangi
Landhi Town,Landhi
Landhi Town,Moinabad
Landhi Town,Muslimabad
Landhi Town,Majeed Colony
Landhi Town,Muzafarabad
Landhi Town,Sharafi Goth
Landhi Town,Sherabad
Liaquatabad Town,Abbasi Shaheed
Liaquatabad Town,Bandhani Colony
Liaquatabad Town,Commercial Area
Liaquatabad Town,Dak Khana
Liaquatabad Town,Firdous Colony
Liaquatabad Town,Mujahid Colony
Liaquatabad Town,Tughlaqabad
Liaquatabad Town,Liaquatabad
Liaquatabad Town,Nazimabad
Liaquatabad Town,Qasimabad
Liaquatabad Town,Rizvia Society (R.C.H.S.) (Rizvia Co-operative Housing Society)
Liaquatabad Town,Sharifabad
Liaquatabad Town,Gharibabad
Liaquatabad Town,Super Market
Liaquatabad Town,Khamosh Colony
Liaquatabad Town,Gulbahar
Liaquatabad Town,Teen Hatti
Liaquatabad Town,Usmania Colony
Liaquatabad Town,Rizvia Society
Malir Town,Walidad Goth
Malir Town,Soomar Kandani Khaskheli Goth
Malir Town,Indus mehran society
Malir Town,Hashim Khaskheli Goth
Malir Town,Soomar Ismail Khaskheli Goth
Malir Town,Gharibabad
Malir Town,Ghausia Colony
Malir Town,Ghazi Brohi Goth
Malir Town,Gulistan-e-Rafi
Malir Town,Gulshan-e-harooni
Malir Town,Gulshan-e-Qadri
Malir Town,Gulshan-e-Yousaf
Malir Town,Haji Miandad Goth
Malir Town,Hussainabad
Malir Town,Jaffer-e-Tayyar
Malir Town,Jam Goth
Malir Town,Jinnah Square
Malir Town,Kala Board
Malir Town,Kausar Town
Malir Town,Khokhra Par
Malir Town,Khoso goth
Malir Town,Liquat Market
Malir Town,Aleemabad Society
Malir Town,Jinnah Square
Malir Town,Lyari Basti
Malir Town,Murad Jaffer Goth
Malir Town,Memon Goth
Malir Town,Millat Town
Malir Town,ANWER E IBRHIM
Malir Town,Model Colony
Malir Town,Moinabad
Malir Town,Mulla Essa Goth
Malir Town,Nashtar Square
Malir Town,Old Shafi Mohammed Goth
Malir Town,Pak Kausar Town
Malir Town,Raza plaza
Malir Town,Salar Goth
Malir Town,Saudabad
Malir Town,Shaban Town
Malir Town,Taiser Town
Malir Town,Urdu Nagar
Malir Town,Asu Goth
Malir Town,Soomar Kandani Village
Malir Town,Model Cololy
Malir Town,tariq bin ziaad
Malir Town,rafaay-e-aam society
New Karachi Town,Abu Zar Ghaffari
New Karachi Town,Faisal Colony
New Karachi Town,Fatima Jinnah Colony
New Karachi Town,Godhra
New Karachi Town,Gulshan-e-Bahar
New Karachi Town,Gulshan-e-Farooq
New Karachi Town,Gulshan-e-Saeed
New Karachi Town,Hakim Ahsan
New Karachi Town,Khamiso Goth
New Karachi Town,Khawaja Ajmeer Nagri
New Karachi Town,New Karachi 5 Number
New Karachi Town,Madina Colony
New Karachi Town,Muslim Town
New Karachi Town,Shah Nawaz Bhutto Colony
New Karachi Town,Zarina Colony
Shah Faisal Town,Al-Falah Society
Shah Faisal Town,Al-Haider Housing Society
Shah Faisal Town,Azeem Pura
Shah Faisal Town,Hasan Mujtaba Town
Shah Faisal Town,Drigh Colony
Shah Faisal Town,Drigh Road Cantt Bazar
Shah Faisal Town,Golden Town
Shah Faisal Town,Green Town
Shah Faisal Town,Gulshan-e-muneer
Shah Faisal Town,Iqbalabad
Shah Faisal Town,Kehkashan Society
Shah Faisal Town,Khoso Goth
Shah Faisal Town,Moria Khan Goth[2]
Shah Faisal Town,Natha Khan Goth
Shah Faisal Town,Pak Sadat Colony
Shah Faisal Town,Punjab Town
Shah Faisal Town,Rafah-e-Aam Society
Shah Faisal Town,Raita Plot
Shah Faisal Town,Sachal Goth
Shah Faisal Town,Salman Farsi
Shah Faisal Town,Shah Faisal Colony
Baldia Town,Abidabad
Baldia Town,Afridi Colony
Baldia Town,Bismillah Chowk
Baldia Town,Kumhar Colony
Baldia Town,Delhi Colony
Baldia Town,Dhoraji Colony
Baldia Town,Gujrat Colony
Baldia Town,Gulshan-e-Ghazi
Baldia Town,Islamnagar
Baldia Town,Ittehad Town
Baldia Town,Kokan Colony
Baldia Town,Muhajir Camp
Baldia Town,Muslim Mujahid Colony
Baldia Town,Nai Abadi
Baldia Town,Naval Colony
Baldia Town,Rasheedabad
Baldia Town,Saeedabad
Baldia Town,Kumhar colony
SITE Town,Banaras Colony
SITE Town,Bhawani Chali
SITE Town,Chittagong Colony
SITE Town,Frontier Colony
SITE Town,Haroonabad
SITE Town,Islamia Colony
SITE Town,Jahanabad
SITE Town,Golimar
SITE Town,Metroville
SITE Town,Old Golimar
SITE Town,Pak Colony
SITE Town,Qasba Colony
SITE Town,Pathan Colony
SITE Town,Mastan Chali
SITE Town,Qaim Khani
Gulberg Town,Samanabad
Gulberg Town,Aisha Manzil
Gulberg Town,Ancholi
Gulberg Town,Azizabad
Gulberg Town,Karimabad
Gulberg Town,Shafiq Mill Colony
Gulberg Town,Naseerabad
Gulberg Town,Water Pump
Gulberg Town,Yaseenabad
Gulberg Town,Musa Colony
Gulberg Town,Dastagir Colony
Gulberg Town,Hussainabad
Saddar Town,Shireen Jinnah Colony
Saddar Town,Sikanderabad
Saddar Town,Shah Rasool Colony
Saddar Town,Saddar
Saddar Town,Ranchore Line
Saddar Town,Old Haji Camp
Saddar Town,Narayan Pura
Saddar Town,Nanak Wara
Saddar Town,Millat Nagar
Saddar Town,Ghanchi Para
Saddar Town,Kharadar
Saddar Town,Kehkashan
Saddar Town,Kalakot
Saddar Town,Islam Pura
Saddar Town,Gazdarabad
Saddar Town,Garden
Saddar Town,Civil Lines
Saddar Town,City Railway Colony
Saddar Town,Clifton
Saddar Town,Bath Island
North Nazimabad Town,Paposh Nagar
North Nazimabad Town,Khandu Goth
North Nazimabad Town,Hyderi
North Nazimabad Town,Pahar Ganj
North Nazimabad Town,Farooq e Azam
North Nazimabad Town,Nusrat Bhutto Colony
North Nazimabad Town,Sakhi Hassan
North Nazimabad Town,Shadman
North Nazimabad Town,Bufferzone
